system:index,AWEINS,AWEIS,B11,B12,B2,B3,B4,B5,B6,B7,B8,EVI,NDBI,NDSI,NDVI,NDWI,landcover,.geo
1_1_1_1_1_0_0,11605.75,8395.0,113,96,3372,3196,2830,2759,2632,2117,1849,0.3796439628482972,0.29170656,0.9317014,-0.20966019,0.26699704,0,
1_1_1_1_1_1_0,14691.75,10575.75,114,111,4207,4007,3646,3507,3201,2640,2300,0.456240254897973,0.293069,0.9446736,-0.22637066,0.27065167,0,
1_1_1_1_1_2_0,24322.75,17572.5,164,142,6786,6565,5711,5398,4779,3975,3563,0.41102181400688864,0.31143105,0.95125574,-0.23161528,0.296406,0,
1_1_1_1_1_3_0,22319.5,15664.75,130,133,6285,6029,5596,5339,4901,4050,3643,0.49231157045626417,0.26611602,0.95778537,-0.21138652,0.24669148,0,
1_1_1_1_1_4_0,21532.75,15615.25,127,133,6057,5798,5187,4863,4413,3610,3142,0.458006718924972,0.31688228,0.9571308,-0.24552767,0.29709172,0,
1_1_1_1_1_5_0,17753.25,12115.0,193,162,5153,4955,4638,4699,4394,3907,3397,0.4180421747625143,0.20538011,0.92501944,-0.15444928,0.18654214,0,
1_1_1_1_1_6_0,25273.75,16191.0,294,294,7225,7166,6999,6796,6261,5719,5623,0.5236319354593196,0.12468867,0.92117965,-0.109016,0.12065056,0,
1_1_1_1_1_7_0,15176.25,10902.25,79,75,4289,4067,3691,3496,3243,2677,2278,0.45624798191798516,0.3062281,0.961891,-0.23672307,0.2819543,0,
1_1_1_1_1_8_0,18831.25,13250.5,143,138,5313,5140,4699,4544,4261,3508,3109,0.46526599168958854,0.26169556,0.9458641,-0.2036373,0.24621166,0,
1_1_1_1_1_9_0,17904.0,13193.25,173,175,5071,4932,4324,3879,3457,2947,2603,0.45363487795877483,0.3216054,0.9322233,-0.2484481,0.3090909,0,
1_1_1_1_1_10_0,18150.75,12924.25,201,189,4958,5048,4390,3934,3417,3050,2870,0.47654878354652624,0.2667348,0.923414,-0.2093664,0.27506948,0,
1_1_1_1_1_11_0,18504.5,13244.0,162,134,5163,5059,4534,3771,2778,2734,2860,0.48339589950909617,0.28704974,0.9379429,-0.22639978,0.27768657,0,
1_1_1_1_1_12_0,12772.0,9731.25,128,135,3856,3527,3031,3207,2751,2535,1811,0.3418516027796458,0.36086112,0.92995894,-0.251962,0.3214687,0,
1_1_1_1_1_13_0,17925.0,12936.75,129,119,4976,4857,4335,4517,3113,3208,2639,0.489042675893887,0.3068943,0.9482551,-0.24318899,0.29589114,0,
1_1_1_1_1_14_0,11991.25,9038.0,153,164,3524,3374,2884,3341,2801,2407,1767,0.37951889100298997,0.33207333,0.91324073,-0.2401634,0.3125851,0,
1_1_1_1_1_15_0,19348.25,13567.0,177,176,5488,5342,4835,4573,4514,3529,3311,0.4310930074677529,0.24741448,0.93585795,-0.18708569,0.23471628,0,
1_1_1_1_1_16_0,19627.75,13566.75,201,197,5574,5465,5062,4980,4610,3988,3546,0.48059852903880296,0.22236842,0.9290505,-0.17611524,0.21296194,0,
1_1_1_1_1_17_0,15329.75,10768.75,109,97,4266,4163,3916,3689,3407,2823,2478,0.5971760797342193,0.26512456,0.94897,-0.22489834,0.25372684,0,
1_1_1_1_1_18_0,19664.5,14211.25,156,171,5541,5377,4837,4558,4095,3422,2997,0.48230668414154654,0.29796204,0.9436111,-0.23487362,0.28421304,0,
1_1_1_1_1_19_0,8250.0,6443.5,127,124,2639,2352,2074,2279,2089,1927,1236,0.34279636750388615,0.3620645,0.8975393,-0.25317222,0.3110368,0,
1_1_1_1_1_20_0,22488.5,15701.25,184,171,6399,6165,5746,5405,4988,4118,3861,0.48811435082086074,0.24736843,0.9420381,-0.1962111,0.22980252,0,
1_1_1_1_1_21_0,23152.75,15773.25,226,241,6638,6455,6187,5963,5722,4917,4402,0.5402542372881356,0.20253623,0.93234545,-0.16857116,0.18909459,0,
1_1_1_1_1_22_0,21043.75,14878.75,145,145,5999,5721,5198,4881,4549,3636,3446,0.42288196958725566,0.27030176,0.95056254,-0.20268394,0.24817279,0,
1_1_1_1_1_23_0,16506.5,11318.5,163,150,4709,4583,4361,4290,3990,3416,3044,0.5391795627609923,0.21475558,0.9313106,-0.17785281,0.20178314,0,
1_1_1_1_1_24_0,16223.5,11170.75,97,83,4662,4389,4128,3993,3762,3194,2865,0.4307052243895785,0.23874053,0.9567543,-0.18060918,0.21009098,0,
1_1_1_1_1_25_0,14066.75,9756.0,91,92,4115,3828,3526,3261,3097,2712,2513,0.3521028849496003,0.24170187,0.9535596,-0.167743,0.20738053,0,
1_1_1_1_1_26_0,13180.0,9490.5,136,124,3961,3657,3365,3491,3109,2775,2252,0.38302704934957676,0.2750684,0.92828894,-0.19814847,0.23777288,0,
1_1_1_1_1_27_0,18589.25,12982.0,151,136,5231,5088,4721,4453,4273,3544,3139,0.5092383956737269,0.24994026,0.9423554,-0.20127226,0.23690288,0,
1_1_1_1_1_28_0,18277.25,12894.0,114,94,5090,4928,4548,4439,4034,3352,2881,0.5206121174266084,0.2771296,0.95477986,-0.2243909,0.26213345,0,
1_1_1_1_1_29_0,18125.25,13136.25,128,133,5102,4919,4461,4208,3871,3158,2692,0.5022143992732229,0.3092122,0.9492768,-0.24730882,0.2926028,0,
1_1_1_1_1_30_0,16199.75,11635.75,120,101,4481,4390,3984,3704,3433,2694,2410,0.5395954748028796,0.30053693,0.9467849,-0.24616829,0.29117647,0,
1_1_1_1_1_31_0,14640.25,10654.75,153,169,4280,4077,3690,3492,3198,2731,2364,0.43647136273864384,0.2883805,0.9276596,-0.21902874,0.2659525,0,
1_1_1_1_1_32_0,17166.25,12733.5,129,126,4890,4656,4114,3879,3561,2715,2381,0.45087938391091686,0.34506947,0.9460815,-0.26682064,0.32329118,0,
1_1_1_1_1_33_0,13619.5,9955.25,194,209,4026,3886,3544,3412,3269,2741,2295,0.4706103993971364,0.27384907,0.904902,-0.2139065,0.2574017,0,
1_1_1_1_1_34_0,14510.0,10245.5,153,164,4282,4056,3771,3581,3270,2844,2604,0.42380883207437536,0.24368283,0.92729867,-0.18305883,0.21801803,0,
1_1_1_1_1_35_0,18628.5,12838.5,217,200,5380,5230,4860,4453,4376,3741,3494,0.4437946718648473,0.21253099,0.92032313,-0.16351448,0.19899128,0,
1_1_1_1_1_36_0,17585.5,12123.75,192,189,5021,4921,4655,4505,4210,3658,3243,0.5444590113364696,0.21515004,0.9248973,-0.17877944,0.2055365,0,
1_1_1_1_1_37_0,17585.5,12123.75,192,189,5021,4921,4655,4505,4210,3658,3243,0.5444590113364696,0.21515004,0.9248973,-0.17877944,0.2055365,0,
1_1_1_1_1_38_0,17601.25,12413.0,197,198,5043,4925,4592,4390,4008,3354,3065,0.5298771601082657,0.24395658,0.9230769,-0.19942537,0.23279099,0,
1_1_1_1_1_39_0,16907.5,11746.5,168,168,4820,4699,4420,4245,3846,3330,3018,0.5301769777643321,0.22990559,0.93096364,-0.18849152,0.21783076,0,
1_1_1_1_1_40_0,18221.0,13074.5,143,136,5176,4970,4543,4364,3983,3269,2852,0.48541738431507636,0.2894868,0.94406414,-0.22866802,0.27077475,0,
1_1_1_1_1_41_0,22602.0,15832.0,177,162,6303,6172,5772,5490,5142,4135,3730,0.5729838935967226,0.2564537,0.9442432,-0.21490213,0.24661684,0,
1_1_1_1_1_42_0,18937.0,13581.0,149,148,5335,5169,4701,4510,4108,3405,2944,0.4956835750155165,0.28880298,0.9439639,-0.22982341,0.2742512,0,
1_1_1_1_1_43_0,15709.25,10949.0,146,128,4488,4333,4118,4083,3706,3236,2747,0.5524661508704062,0.2406358,0.9348069,-0.19970867,0.2240113,0,
1_1_1_1_1_44_0,15053.25,10317.0,158,146,4370,4200,4035,3925,3772,3184,2853,0.51742251794782,0.21002354,0.9274897,-0.17160279,0.19098257,0,
1_1_1_1_1_45_0,30601.0,21535.25,408,363,8761,8647,8177,7787,7104,5830,5427,0.6128816581234677,0.23498732,0.90988404,-0.20214643,0.22879067,0,
1_1_1_1_1_46_0,20226.5,14455.75,199,165,5650,5568,5105,4819,4492,3729,3183,0.5612662072187828,0.27929357,0.93098664,-0.23190154,0.27254027,0,
1_1_1_1_1_47_0,28635.25,20333.75,369,311,8069,8042,7443,7108,6716,5377,4806,0.5964713865641258,0.2534369,0.91225773,-0.21528289,0.251868,0,
1_1_1_1_1_48_0,30808.75,22080.0,330,282,8701,8534,7814,7652,6651,5923,4927,0.5367966977799263,0.27692986,0.9255415,-0.22659132,0.2679593,0,
1_1_1_1_1_49_0,17947.0,12881.5,140,124,4976,4881,4394,5178,4130,3047,2704,0.5120591443461399,0.29583332,0.9442342,-0.23809524,0.28701383,0,
1_1_1_1_1_50_0,14457.75,10636.5,151,148,4195,4005,3715,4295,3897,2896,2205,0.5418789923203905,0.3109375,0.92733395,-0.25506756,0.28985506,0,
1_1_1_1_1_51_0,18050.75,12850.5,124,126,5123,4903,4627,4338,4012,3270,2875,0.5626565611150363,0.28107026,0.9506664,-0.23353772,0.26073542,0,
1_1_1_1_1_52_0,12693.75,9019.25,106,85,3717,3471,3112,2866,2602,2201,2130,0.3470209908827479,0.27142125,0.9407325,-0.18733308,0.23942153,0,
1_1_1_1_1_53_0,18789.5,12684.5,140,132,5356,5149,4840,4599,4134,3383,3534,0.4298880842659644,0.20494938,0.9470599,-0.15595892,0.18599562,0,
1_1_1_1_1_54_0,13203.0,9201.75,113,131,3809,3651,3416,3685,3332,3036,2355,0.46408888111276353,0.23588578,0.9399575,-0.18385029,0.21578422,0,
1_1_1_1_1_55_0,14183.25,9883.0,143,164,4127,3964,3782,3608,3400,2929,2599,0.5224803462591644,0.22717811,0.9303628,-0.18539414,0.20798415,0,
1_1_1_1_1_56_0,18008.5,12163.25,129,137,5043,4933,4722,4366,4126,3568,3323,0.5671774912835482,0.20559408,0.949032,-0.17389683,0.1950097,0,
1_1_1_1_1_57_0,17848.25,12565.75,198,201,5083,4992,4620,4536,4243,3589,3100,0.5204410052728891,0.24233167,0.92369944,-0.19689119,0.23381117,0,
1_1_1_1_1_58_0,24038.25,17155.0,119,126,6639,6439,5711,5021,4128,3244,3581,0.4458118799447444,0.29921722,0.96370846,-0.22922945,0.28522953,0,
1_1_1_1_1_59_0,20408.5,14081.5,149,122,5728,5555,5225,5091,4738,3871,3520,0.5269501792557795,0.23875433,0.94775593,-0.19496855,0.22424242,0,
1_1_1_1_1_60_0,13279.25,9312.25,213,201,3880,3828,3566,3251,3319,2611,2512,0.5076093238297053,0.21401753,0.89458054,-0.17341231,0.20757098,0,
1_1_1_1_1_61_0,14743.5,10465.5,119,106,4228,4029,3762,3847,2955,2384,2420,0.4994789340479381,0.27196148,0.94262296,-0.21708184,0.24949604,0,
1_1_1_1_1_62_0,12464.5,8997.75,114,135,3541,3446,3166,2864,2509,2076,1969,0.535187337923634,0.28529945,0.93595505,-0.23310614,0.27276084,0,
1_1_1_1_1_63_0,16377.25,11535.75,113,113,4719,4457,4156,3813,3452,2883,2752,0.45563704809502176,0.2632847,0.95054704,-0.20324261,0.23650992,0,
1_1_1_1_1_64_0,23549.75,16245.25,189,175,6590,6453,6155,5597,5256,4506,4100,0.6120443173695497,0.23292796,0.9430894,-0.20039006,0.22296977,0,
1_1_1_1_1_65_0,24058.0,16764.5,192,188,6705,6589,6144,5668,5287,4426,4052,0.5581345712608718,0.2466301,0.9433712,-0.2051785,0.23841745,0,
1_1_1_1_1_66_0,23073.0,15900.25,180,183,6426,6325,5901,4602,4996,4573,4015,0.5374444317793229,0.23091657,0.944658,-0.19019766,0.22340426,0,
1_1_1_1_1_67_0,19354.0,13429.75,215,209,5559,5418,5079,5013,4823,3906,3533,0.5029605049124862,0.22283326,0.9236641,-0.17951696,0.21059099,0,
1_1_1_1_1_68_0,18629.75,13923.25,165,163,5455,5101,4471,3747,3768,2596,2664,0.3955259817011776,0.34376153,0.9373338,-0.2532586,0.31384417,0,
1_1_1_1_1_69_0,20138.0,14337.0,222,236,5853,5636,5246,5114,4646,3958,3476,0.49471742411537817,0.25479686,0.9242062,-0.2029351,0.23705004,0,
1_1_1_1_1_70_0,14797.5,11163.75,139,159,4194,4071,3651,3335,2991,2261,1973,0.5537953795379538,0.3601427,0.93396676,-0.29836416,0.34712112,0,
1_1_1_1_1_71_0,15179.75,11751.5,123,124,4363,4115,3525,3187,2799,2141,1789,0.443649373881932,0.41840053,0.9419538,-0.32668424,0.3939702,0,
1_1_1_1_1_72_0,22540.75,16322.75,205,197,6457,6195,5639,5257,4889,3992,3510,0.4802616738100609,0.29567572,0.9359375,-0.23270303,0.27666152,0,
1_1_1_1_1_73_0,15536.75,10884.0,152,144,4504,4307,4099,3998,3746,3161,2749,0.5243940335612182,0.24196884,0.93182325,-0.19713785,0.22080499,0,
1_1_1_1_1_74_0,17931.5,12881.25,195,181,5227,4989,4592,4438,4148,3482,2987,0.4632034632034632,0.27270514,0.9247685,-0.21176936,0.251003,0,
1_1_1_1_1_75_0,16065.25,11658.5,177,194,4753,4494,4080,3958,3603,3005,2677,0.41315742976618175,0.2794078,0.92421323,-0.20763652,0.25338167,0,
1_1_1_1_1_76_0,15318.0,11495.5,216,226,4709,4356,3858,3609,3273,2721,2482,0.35513343312858103,0.30969268,0.9055118,-0.2170347,0.27405673,0,
1_1_1_1_1_77_0,14199.0,9933.25,125,121,4090,3913,3740,3510,3249,2778,2481,0.5471058578133148,0.2448638,0.9380882,-0.20237903,0.22395997,0,
1_1_1_1_1_78_0,13732.75,9995.5,181,186,4096,3888,3551,3339,3149,2647,2335,0.42949985871715174,0.27382988,0.91103464,-0.20659192,0.24955809,0,
1_1_1_1_1_79_0,20629.5,14832.25,231,243,5921,5768,5216,4421,4482,3361,3401,0.4673258149235285,0.27032825,0.92298716,-0.21063015,0.25815248,0,
1_1_1_1_2_0_0,18505.25,11920.0,298,282,5228,5378,5367,5275,5068,4528,4157,1.0614035087719298,0.11411827,0.89499646,-0.12704746,0.12805453,2,
1_1_1_1_2_1_0,17718.25,11306.25,465,461,5379,5504,5571,5559,5371,4866,4680,0.9964213822411094,0.06949001,0.844195,-0.08691835,0.080911234,2,
1_1_1_1_2_2_0,19506.0,12806.5,167,136,5258,5370,5230,5126,4825,4168,3728,0.8680073971336106,0.17026486,0.93967855,-0.16767135,0.18047923,2,
1_1_1_1_2_3_0,19842.75,13218.5,231,226,5477,5590,5489,5305,4957,4317,3887,0.9411350017624251,0.16979924,0.9206322,-0.17086178,0.17969821,2,
1_1_1_1_2_4_0,19087.25,12833.25,219,227,5299,5377,5239,5079,4826,4110,3682,0.8415306453356395,0.18004677,0.9217298,-0.174532,0.18710674,2,
1_1_1_1_2_5_0,20237.75,13299.75,176,143,5452,5575,5498,5359,5032,4304,3860,1.0133630289532294,0.1709622,0.93879324,-0.1750374,0.18177001,2,
1_1_1_1_2_6_0,19765.75,13286.75,218,197,5481,5530,5387,5215,4871,4202,3762,0.8088601294176206,0.18597858,0.92414755,-0.17761505,0.1902712,2,
1_1_1_1_2_7_0,17074.5,10770.75,522,479,5282,5418,5595,5624,5470,5094,4769,1.619607843137255,0.051039696,0.8242424,-0.07969896,0.06370865,2,
1_1_1_1_2_8_0,17433.5,11307.0,336,308,5038,5158,5145,5088,4879,4390,4030,0.9665395284327323,0.11116012,0.8776848,-0.12152588,0.12276883,2,
1_1_1_1_2_9_0,18098.0,11497.5,581,556,5717,5810,5966,5976,5740,5460,5156,1.0522213561964147,0.051595695,0.8181818,-0.07282863,0.059638884,2,
1_1_1_1_2_10_0,18957.0,11756.5,430,404,5722,5765,5860,5795,5520,5149,5088,0.7239309827456865,0.0586494,0.8611784,-0.07051516,0.062379066,2,
1_1_1_1_2_11_0,18124.0,11342.5,517,460,5568,5678,5813,5862,5587,5347,5020,1.0652874798495433,0.051756706,0.8330912,-0.07320225,0.061506823,2,
1_1_1_1_2_12_0,19381.25,11804.5,616,614,6291,6261,6515,6574,6427,6259,6041,0.5779078273591807,0.020272462,0.8208521,-0.037750877,0.017883271,2,
1_1_1_1_2_13_0,18103.75,11543.5,586,540,5833,5808,5980,5974,5821,5433,5197,0.7332833864019479,0.057660926,0.81670314,-0.070054576,0.055520218,2,
1_1_1_1_2_14_0,19713.0,13784.0,165,154,5348,5398,5330,5165,4772,3762,3182,1.085506367495452,0.25392732,0.9406795,-0.25234962,0.25827506,2,
1_1_1_1_2_15_0,20185.0,13707.25,110,75,5326,5415,5181,4989,4617,3811,3315,0.8416020205664803,0.23272769,0.960181,-0.21963277,0.24054983,2,
1_1_1_1_2_16_0,18468.5,10531.0,776,504,6123,6142,6549,6763,6726,6610,6438,1.4643799472295516,-0.02507762,0.7756577,-0.008547009,-0.023529412,2,
1_1_1_1_2_17_0,20148.75,11391.75,849,549,6676,6707,7071,7253,7194,7165,7094,-0.10473588342440802,-0.030355847,0.7752779,0.0016237204,-0.028041447,2,
1_1_1_1_2_18_0,19486.75,11251.0,720,472,6362,6321,6650,6710,6598,6577,6477,0.32348541510845175,-0.008957084,0.7954836,-0.013178945,-0.012189405,2,
1_1_1_1_2_19_0,18617.5,10935.0,801,584,6329,6261,6590,6756,6678,6533,6466,0.21225607668606644,-0.010707308,0.77315205,-0.009497549,-0.016107488,2,
1_1_1_1_2_20_0,19156.75,10864.25,870,593,6484,6501,6888,7051,7048,7051,6946,-0.4084507042253521,-0.034400597,0.76393974,0.004192569,-0.033092882,2,
1_1_1_1_2_21_0,19356.75,11092.25,728,483,6302,6306,6611,6765,6735,6652,6508,0.23623853211009177,-0.016081186,0.7930054,-0.007851209,-0.015764007,2,
1_1_1_1_2_22_0,20217.0,11599.5,516,402,6272,6238,6493,6584,6556,6389,6262,0.31748213304013195,7.978299E-4,0.84720165,-0.018110545,-0.00192,2,
1_1_1_1_2_23_0,20617.5,11572.5,518,414,6397,6368,6703,6926,6894,6774,6576,0.2684989429175476,-0.013797888,0.84954983,-0.009563973,-0.01606922,2,
1_1_1_1_2_24_0,22399.25,12360.5,517,456,6907,6883,7274,7368,7354,7308,7243,0.0847457627118644,-0.023745583,0.86027026,-0.0021354274,-0.025484921,2,
1_1_1_1_2_25_0,20904.75,11830.75,651,481,6677,6639,7035,7084,7042,6973,6898,0.3536396489416624,-0.016279927,0.82139915,-0.0098327715,-0.019132746,2,
1_1_1_1_2_26_0,20894.75,11885.5,739,590,6846,6816,7210,7375,7301,7263,7163,0.1275787187839305,-0.022628311,0.80436796,-0.0032700202,-0.024822949,2,
1_1_1_1_2_27_0,17827.5,10351.75,800,505,5944,5989,6310,6329,6348,6274,6159,0.6741071428571428,-0.01776419,0.76432467,-0.012110033,-0.0139940735,2,
1_1_1_1_2_28_0,17761.0,10203.5,786,520,5965,5975,6386,6520,6410,6327,6260,1.9626168224299065,-0.024130879,0.76749,-0.009963625,-0.023293829,2,
1_1_1_1_2_29_0,18294.25,10802.5,950,612,6371,6356,6715,6866,6810,6773,6587,0.35378662244333886,-0.01666924,0.73993975,-0.009622613,-0.017847486,2,
1_1_1_1_2_30_0,19639.0,11196.25,656,465,6324,6292,6665,6726,6689,6613,6505,0.4282655246252676,-0.01410866,0.8111687,-0.012148823,-0.016644526,2,
1_1_1_1_2_31_0,20481.25,11648.25,808,567,6793,6764,7150,7300,7229,7209,7134,0.043835616438356165,-0.024484813,0.7865822,-0.0011201344,-0.026622536,2,
1_1_1_1_2_32_0,19021.0,11145.75,679,439,6124,6117,6414,6486,6415,6264,6095,0.5907407407407408,0.0023733529,0.80017656,-0.025501639,0.0018015067,2,
1_1_1_1_2_33_0,26085.75,14973.25,566,645,8167,8043,8480,8552,8689,8448,8194,0.3283582089552239,-0.0016502659,0.8685097,-0.017152453,-0.009299748,2,
1_1_1_1_2_34_0,26262.0,15049.0,539,580,8161,8011,8415,8645,8584,8346,8124,0.2806171648987464,0.0022720294,0.8739181,-0.017594775,-0.007003409,2,
1_1_1_1_2_35_0,22670.75,14006.0,254,280,6714,6465,6566,6683,6525,5996,5613,0.44574368568755846,0.08931614,0.92439353,-0.07824945,0.07054148,2,
1_1_1_1_2_36_0,23894.75,14019.25,418,491,7336,7166,7457,7077,7096,7203,6988,0.3564913347522043,0.02429489,0.88976794,-0.032467984,0.0125759505,2,
1_1_1_1_2_37_0,24381.0,14727.75,419,403,7416,7207,7456,7470,7434,6990,6651,0.4755434782608696,0.054382596,0.89011276,-0.05706387,0.04012123,2,
1_1_1_1_2_38_0,20475.5,12689.5,439,456,6451,6228,6379,6541,6607,6273,5706,0.3822560490741793,0.061281566,0.8683066,-0.05568887,0.043740574,2,
1_1_1_1_2_39_0,24260.75,14318.5,366,422,7365,7149,7462,7394,7265,7123,6843,0.4273091260527406,0.036739863,0.9025948,-0.043271583,0.021869639,2,
1_1_1_1_2_40_0,21850.75,14387.5,247,226,6278,6150,6081,6014,5743,5053,4559,0.6300712038416957,0.15862323,0.9227763,-0.14304511,0.14856663,2,
1_1_1_1_2_41_0,18595.75,10652.0,763,484,6141,6144,6486,6649,6597,6464,6389,0.3226879574184963,-0.019792497,0.7790647,-0.0075339805,-0.019548392,2,
1_1_1_1_2_42_0,18540.0,10375.25,496,395,5805,5779,6099,6485,6442,6129,6023,0.2066340402392605,-0.018430842,0.8419123,-0.0062695923,-0.020674461,2,
1_1_1_1_2_43_0,20145.5,11219.25,632,491,6371,6429,6846,6895,6855,6780,6769,-3.031496062992126,-0.030289194,0.82098854,-0.005655527,-0.02576148,2,
1_1_1_1_2_44_0,19189.25,10964.0,909,580,6561,6540,6966,7105,6994,7039,6959,0.03875968992248062,-0.02943787,0.7559404,-5.02693E-4,-0.031039337,2,
1_1_1_1_2_45_0,20617.0,11819.0,495,412,6444,6333,6638,6692,6643,6521,6408,0.27472527472527475,0.0028011205,0.8550088,-0.017629925,-0.005886508,2,
1_1_1_1_2_46_0,21555.5,12062.75,611,491,6795,6781,7150,7279,7226,7166,7097,0.13737687921202696,-0.02173913,0.83468616,-0.0037200814,-0.022769852,2,
1_1_1_1_2_47_0,21530.25,11936.75,488,421,6619,6590,6968,7054,7020,6941,6880,0.23072889355007867,-0.019334765,0.86210793,-0.006354708,-0.021529324,2,
1_1_1_1_2_48_0,24127.75,13786.5,558,530,7447,7423,7832,7971,7916,7694,7499,0.6119073869900772,-0.0034791918,0.8601679,-0.021720696,-0.0050931512,2,
1_1_1_1_2_49_0,20150.0,11857.0,735,598,6602,6600,6954,7149,7178,7012,6662,0.6471631205673758,-0.004523522,0.799591,-0.021445358,-0.004675011,2,
1_1_1_1_2_50_0,20905.25,11944.25,791,585,6914,6870,7244,7415,7392,7331,7208,0.07614213197969544,-0.020818582,0.7934995,-0.0024910048,-0.024009092,2,
1_1_1_1_2_51_0,21468.0,12015.25,424,393,6515,6476,6833,6897,6910,6830,6637,0.39951080309824705,-0.009276155,0.8771014,-0.0145508535,-0.012277892,2,
1_1_1_1_2_52_0,20425.75,11595.75,515,403,6355,6300,6614,6711,6632,6510,6424,0.3057611844222723,-0.0053994837,0.8488628,-0.014572787,-0.009745363,2,
1_1_1_1_2_53_0,18808.5,10676.5,907,582,6399,6439,6832,7064,7032,7031,6876,-0.8906882591093117,-0.035932202,0.7530629,0.0032098044,-0.032820128,2,
1_1_1_1_2_54_0,19110.75,10914.25,841,535,6427,6409,6819,6956,6857,6762,6760,0.2796208530805687,-0.025252143,0.768,-0.0043449444,-0.026653504,2,
1_1_1_1_2_55_0,19869.0,11106.0,349,344,6052,5935,6267,6416,6365,6296,6116,0.22591262716935967,-0.005259698,0.88892424,-0.012194137,-0.015019501,2,
1_1_1_1_2_56_0,18362.5,10468.25,571,453,5838,5849,6162,6303,6243,6140,6015,0.4611041405269762,-0.014932929,0.8221184,-0.012071939,-0.013991908,2,
1_1_1_1_2_57_0,16777.25,11269.0,348,224,4894,4919,4841,4727,4514,3916,3563,0.7802197802197802,0.15738441,0.86785644,-0.15207045,0.15986796,2,
1_1_1_1_2_58_0,19152.25,11347.5,818,550,6412,6387,6696,6829,6711,6559,6445,0.4274523160762943,-0.0025666952,0.77293545,-0.019100524,-0.00451995,2,
1_1_1_1_2_59_0,16217.25,11012.0,779,506,5456,5465,5533,5601,5409,4984,4541,0.7798742138364779,0.091527455,0.7504805,-0.09847131,0.09234459,2,
1_1_1_1_2_60_0,17938.0,11912.5,393,278,5412,5325,5305,5244,4977,4453,4102,0.6458020184668241,0.13769183,0.86253935,-0.1278835,0.12973374,2,
1_1_1_1_2_61_0,20300.5,13969.75,328,233,5808,5805,5748,5566,5265,4579,3867,0.903631821675634,0.20062016,0.8930377,-0.19563183,0.2003722,2,
1_1_1_1_2_62_0,17481.75,11872.75,626,435,5605,5571,5547,5703,5492,4846,4408,0.6551248130679856,0.119544595,0.7979668,-0.11441486,0.116544746,2,
1_1_1_1_2_63_0,16462.5,10800.25,688,437,5415,5394,5499,5436,5250,4915,4639,0.7218398522746349,0.07718321,0.77375865,-0.08482935,0.07525167,2,
1_1_1_1_2_64_0,18602.0,11654.75,740,503,6197,6092,6305,6079,6005,5831,5691,0.5193706648621215,0.04256393,0.78337234,-0.051183727,0.03403208,2,
1_1_1_1_2_65_0,17147.75,10738.25,632,499,5579,5584,5690,5762,5509,5299,5152,0.5275544224357718,0.03979126,0.7966538,-0.049621843,0.04023845,2,
1_1_1_1_2_66_0,17219.5,10954.5,741,568,5790,5770,5909,5905,5829,5550,5338,0.5423632218844985,0.04061826,0.7723852,-0.050769094,0.03889089,2,
1_1_1_1_2_67_0,18106.75,10752.75,812,547,6125,6101,6418,6294,6447,6135,6180,0.4765718862635162,-0.0044697276,0.7650803,-0.018891888,-0.006432701,2,
1_1_1_1_2_68_0,18967.25,10687.0,811,560,6276,6360,6741,6869,6780,6685,6755,0.26515151515151514,-0.036758497,0.77381116,0.0010373445,-0.030118186,2,
1_1_1_1_2_69_0,18274.0,10369.0,744,490,5990,6045,6394,6500,6480,6419,6330,0.6956521739130435,-0.027597403,0.7808219,-0.0050298646,-0.023030303,2,
1_1_1_1_2_70_0,18722.25,10547.5,800,524,6203,6256,6661,6820,6795,6736,6643,-0.5142857142857142,-0.034251906,0.77324265,-0.0013529765,-0.030002326,2,
1_1_1_1_2_71_0,19232.75,10915.75,819,603,6484,6474,6951,7069,7017,6987,6916,12.5,-0.032238808,0.77540106,-0.0025239778,-0.033009708,2,
1_1_1_1_2_72_0,18432.25,10476.0,746,540,6139,6131,6551,6640,6629,6602,6491,0.6134969325153374,-0.02787015,0.78304493,-0.004600521,-0.028521629,2,
1_1_1_1_2_73_0,19748.5,11136.25,696,535,6472,6427,6876,6922,6982,6842,6817,0.3165236051502146,-0.02596132,0.8045767,-0.004308771,-0.029447297,2,
1_1_1_1_2_74_0,19871.25,11851.25,544,433,6239,6181,6399,6434,6320,6178,5944,0.463623395149786,0.024214068,0.8382156,-0.036863,0.019546391,2,
1_1_1_1_2_75_0,20252.25,11612.75,463,381,6253,6175,6432,6553,6513,6382,6192,0.28402366863905326,0.004901567,0.86050016,-0.019011406,-0.0013746261,2,
1_1_1_1_2_76_0,21600.25,12052.5,468,408,6632,6574,6922,7046,7001,6893,6807,0.20535714285714285,-0.0130218025,0.8670832,-0.00837643,-0.01741275,2,
1_1_1_1_2_77_0,23338.75,13342.0,599,600,7333,7314,7771,7890,7857,7668,7485,0.8074534161490683,-0.0102577945,0.84860355,-0.018746722,-0.011554834,2,
1_1_1_1_2_78_0,22046.5,12505.5,457,428,6738,6686,6982,7080,7026,6921,6770,0.2831196581196581,-0.0023689666,0.87204254,-0.0154159395,-0.006242568,2,
1_1_1_1_2_79_0,23561.5,13420.0,587,582,7411,7350,7836,7936,7913,7723,7560,0.6862257583291895,-0.009952575,0.8520852,-0.017926734,-0.014084507,2,
1_1_1_2_0_0,19697.75,15487.5,92,80,5258,5178,4308,3810,3260,2207,1705,0.547723255618214,0.51026857,0.9650854,-0.4328954,0.5045765,3,
1_1_1_2_1_0,21805.0,16607.0,70,68,5819,5708,5001,4484,3925,2850,2240,0.6057215567548594,0.44409975,0.9757702,-0.38130093,0.4363362,3,
1_1_1_2_2_0,22078.25,16273.25,84,73,5793,5817,5271,4780,4221,3177,2612,0.7218873866536352,0.3784652,0.97153026,-0.33730814,0.3802349,3,
1_1_1_2_3_0,20624.75,14529.0,121,100,5629,5544,5293,5044,4601,3671,3169,0.7284450236641744,0.279609,0.95728153,-0.2510045,0.2725812,3,
1_1_1_2_4_0,19811.0,14021.5,237,224,5637,5556,5390,5163,4703,3891,3396,0.7621741457075147,0.24809034,0.9181771,-0.22695197,0.24128686,3,
1_1_1_2_5_0,17974.75,13129.25,166,129,4993,4909,4703,4500,4218,3289,2570,0.8008560486596081,0.3203755,0.9345813,-0.2932765,0.31274235,3,
1_1_1_2_6_0,18661.0,12179.25,295,269,5412,5405,5398,5448,4851,4531,4157,0.7671859545004945,0.13115267,0.8964912,-0.12987964,0.13051663,3,
1_1_1_2_7_0,17684.5,12408.5,249,226,5064,5025,4841,4492,4275,3714,3192,0.7180804737850549,0.22674419,0.9055745,-0.20527823,0.22307411,3,
1_1_1_2_8_0,18077.75,12039.25,232,213,5165,5129,5133,5321,4839,4357,3698,0.8460087253861572,0.16551958,0.913449,-0.16249575,0.16211623,3,
1_1_1_2_9_0,13498.5,8592.75,423,397,4298,4310,4433,4933,4580,4848,3831,0.8337950138504155,0.05744864,0.821255,-0.07284608,0.05883798,3,
1_1_1_2_10_0,17265.75,10333.25,489,503,5447,5483,5762,5683,5968,5477,5308,1.16829644879053,0.012924221,0.83623576,-0.041011743,0.016217219,3,
1_1_1_2_11_0,14778.75,9240.0,399,408,4548,4632,4717,5289,4907,4674,4125,0.8799048751486326,0.048772052,0.8413834,-0.066953175,0.05789654,3,
1_1_1_2_12_0,19160.5,11427.0,426,394,5843,5831,6054,5953,6049,5720,5504,0.6897416603962879,0.029875739,0.86383253,-0.047586087,0.028848698,3,
1_1_1_2_13_0,15708.5,9611.75,369,361,4822,4820,4990,5119,4595,4661,4411,0.7984004412575841,0.044514243,0.85777605,-0.061589193,0.044307224,3,
1_1_1_2_14_0,13108.5,8395.25,798,683,4772,4841,5056,5369,5558,5146,4741,1.1060393258426966,0.0032586986,0.7169711,-0.0321527,0.010436235,3,
1_1_1_2_15_0,18530.25,12113.75,343,327,5463,5468,5525,5744,5312,5001,4282,0.8779488628337335,0.121190354,0.88194805,-0.12674621,0.121641025,3,
1_1_1_2_16_0,18039.0,11481.25,474,471,5565,5611,5780,6030,5370,5225,4855,1.050420168067227,0.0681382,0.84420705,-0.08697696,0.0722339,3,
1_1_1_2_17_0,17603.75,11002.75,403,375,5373,5356,5534,5587,5157,4991,4708,0.8660096456280142,0.065965675,0.86004514,-0.08064831,0.06438792,3,
1_1_1_2_18_0,16738.0,10431.5,409,408,5197,5164,5258,5489,5343,4965,4640,0.5540613232920926,0.056622956,0.8532209,-0.062436856,0.05344757,3,
1_1_1_2_19_0,17782.5,12059.75,246,221,5093,5063,4986,4779,4519,4036,3511,0.7731418387671664,0.18386796,0.9073272,-0.17359067,0.18101236,3,
1_1_1_2_20_0,15765.5,10582.0,250,244,4697,4572,4522,4316,4262,3502,3406,0.5950730510824358,0.1593237,0.8963086,-0.1407669,0.14615192,3,
1_1_1_2_21_0,17501.75,12127.25,266,247,5048,5020,4948,4847,4511,3824,3340,0.8321258538604843,0.20362422,0.8993568,-0.19401544,0.20095694,3,
1_1_1_2_22_0,15264.75,10084.5,363,334,4704,4642,4694,4509,4404,3878,3731,0.711436170212766,0.1153527,0.85494506,-0.11430267,0.1088021,3,
1_1_1_2_23_0,13836.5,9592.75,485,447,4481,4469,4461,4338,4351,3848,3481,0.729275189760381,0.12559658,0.8041986,-0.12339461,0.12427673,3,
1_1_1_2_24_0,19891.75,12532.5,432,420,5981,6016,6138,6168,5587,5395,5157,0.854083231760404,0.073980965,0.86600494,-0.08685259,0.07688177,3,
1_1_1_2_25_0,17744.5,11351.5,302,292,5295,5207,5309,5310,5083,4613,4290,0.7140854940434478,0.10485133,0.89036125,-0.10615689,0.096556805,3,
1_1_1_2_26_0,17174.75,12191.5,83,60,4448,4565,4306,4123,3271,2728,2353,0.9443907156673115,0.30804294,0.96428573,-0.29328728,0.3197456,3,
1_1_1_2_27_0,15040.75,11635.5,103,92,3901,4015,3581,3381,2086,1988,1417,0.8514991736837964,0.4670929,0.9499757,-0.43297318,0.47827688,3,
1_1_1_2_28_0,15577.0,10808.5,202,192,4432,4407,4293,3784,3425,3122,2860,0.7752650941354686,0.21557872,0.9123454,-0.20033552,0.21288015,3,
1_1_1_2_29_0,14490.25,9576.0,521,458,4670,4707,4768,5038,4781,4399,3977,0.8107831078310783,0.0801434,0.8006886,-0.09045169,0.08406264,3,
1_1_1_2_30_0,17860.0,11444.75,393,341,5399,5372,5494,5450,5204,4945,4473,0.8356523162547063,0.09380065,0.86366004,-0.10243805,0.09131539,3,
1_1_1_2_31_0,16745.5,11409.25,279,235,4943,4842,4797,4551,4366,3692,3441,0.6991853150458904,0.17915076,0.8910369,-0.16460305,0.16914162,3,
1_1_1_2_32_0,18189.75,12137.75,267,231,5253,5210,5249,5225,4882,4312,3788,0.8877141815530442,0.1620396,0.90250134,-0.16166869,0.15803511,3,
1_1_1_2_33_0,17995.25,11235.0,256,234,5329,5192,5281,5550,5176,4965,4421,0.5570669775877704,0.093128204,0.9060206,-0.08864152,0.08020389,3,
1_1_1_2_34_0,16869.5,11340.5,191,168,4748,4728,4649,4559,4099,3695,3266,0.7771409305461902,0.18492638,0.92234194,-0.17473152,0.18288717,3,
1_1_1_2_35_0,15308.25,9748.75,175,165,4483,4335,4309,4534,4034,3899,3512,0.46821760075196805,0.12145091,0.9223947,-0.10190513,0.10488085,3,
1_1_1_2_36_0,15144.75,10313.5,210,202,4468,4327,4248,4159,4082,3462,3071,0.5944444444444444,0.18530309,0.9074278,-0.16081432,0.16977562,3,
1_1_1_2_37_0,16213.5,10097.5,422,394,5107,5032,5186,5211,4993,4927,4572,0.5873349913908552,0.055274304,0.8452512,-0.06292273,0.04789671,3,
1_1_1_2_38_0,16749.0,10328.0,700,676,5907,5712,5916,6010,5927,5817,5760,0.1280577901822361,0.01259964,0.78165936,-0.01336074,-0.0041841003,3,
1_1_1_2_39_0,16501.5,10183.75,419,373,5164,5092,5259,5219,5044,4769,4659,0.5961844197138315,0.051409956,0.8479405,-0.06049607,0.044405703,3,
1_1_1_2_40_0,16880.0,10634.0,512,478,5457,5367,5494,5530,5274,5136,4902,0.48358111419702665,0.0535766,0.82582074,-0.056944977,0.045281917,3,
1_1_1_2_41_0,16611.5,10741.25,406,387,5148,5093,5133,5055,4912,4662,4289,0.599091425326519,0.09102469,0.85233676,-0.089577585,0.08569601,3,
1_1_1_2_42_0,20283.0,11510.75,455,441,6268,6226,6601,6672,6613,6392,6353,0.5904761904761905,-0.006734807,0.86379284,-0.019144665,-0.010096192,3,
1_1_1_2_43_0,15547.75,10731.75,343,311,4563,4646,4563,4546,4187,3771,3236,0.9196119196119196,0.17015003,0.8624975,-0.17015003,0.1788886,3,
1_1_1_2_44_0,14184.75,9804.0,359,346,4284,4339,4259,4727,4603,4304,3135,0.8168604651162791,0.15487263,0.847169,-0.15201515,0.16109179,3,
1_1_1_2_45_0,16778.75,9694.25,445,445,5341,5282,5549,5859,5731,5697,5382,0.3024266570083303,-0.003823557,0.8445958,-0.015277651,-0.0093773445,3,
1_1_1_2_46_0,16977.75,10613.0,457,446,5274,5305,5436,5225,4961,4797,4751,0.7830361225422954,0.052169576,0.8413745,-0.06724256,0.05509149,3,
1_1_1_2_47_0,19218.25,13018.75,146,145,5201,5262,5161,4951,4541,3799,3388,0.9527135948414831,0.21108395,0.94600594,-0.20739268,0.2166474,3,
1_1_1_2_48_0,14415.5,10383.25,348,333,4303,4356,4209,3811,3052,2945,2803,0.8340253885395659,0.21108922,0.8520408,-0.20051341,0.21692973,3,
1_1_1_2_49_0,19671.5,11627.5,486,470,6176,6100,6351,6335,6274,6079,5968,0.4265033407572383,0.017127799,0.8524142,-0.031090185,0.010938018,3,
1_1_1_2_50_0,17917.5,11380.5,311,296,5373,5270,5341,5228,4822,4455,4418,0.6020874103065884,0.09753855,0.88855046,-0.09457936,0.087943844,3,
1_1_1_2_51_0,18101.0,11160.25,415,413,5551,5537,5714,5694,5551,5277,5005,0.7566702241195304,0.05172414,0.86055106,-0.06614423,0.05046481,3,
1_1_1_2_52_0,17112.5,10864.25,302,291,5047,5041,5122,4976,4889,4510,4173,0.8051926013914814,0.09479392,0.8869549,-0.1020979,0.09420447,3,
1_1_1_2_53_0,18241.5,10535.75,451,451,5666,5677,6018,6285,6185,5973,5689,1.1800573888091823,-0.0020255395,0.8528068,-0.028102845,-0.0010557804,3,
1_1_1_2_54_0,18130.25,11076.75,346,351,5530,5429,5636,5703,5449,5136,4946,0.6360619469026549,0.05574647,0.88017315,-0.06520507,0.046554215,3,
1_1_1_2_55_0,18660.75,11171.25,338,325,5495,5543,5822,5995,5620,5365,5062,1.5605749486652978,0.04101544,0.8850536,-0.069827266,0.045355964,3,
1_1_1_2_56_0,19120.25,11135.5,478,498,5986,5973,6302,6423,6523,6360,5961,0.7604817127564674,0.0020925757,0.8518059,-0.027807225,0.0010055305,3,
1_1_1_2_57_0,16850.25,10116.25,380,381,5321,5165,5347,5420,5310,5158,4968,0.3316996324172939,0.034308486,0.8629396,-0.03674261,0.01944143,3,
1_1_1_2_58_0,18547.5,10856.5,370,364,5667,5597,5845,5893,5790,5605,5438,0.5104088286932531,0.020621343,0.8759846,-0.036071967,0.014408699,3,
1_1_1_2_59_0,15958.75,10133.75,320,303,4662,4763,4875,5037,5008,4564,3920,1.33082497212932,0.08646003,0.8740901,-0.10858443,0.09708626,3,
1_1_1_2_60_0,15391.0,9735.75,406,409,4744,4797,4938,5012,4769,4502,4193,1.0594425483503982,0.0616538,0.8439362,-0.08159019,0.06718576,3,
1_1_1_2_61_0,14913.25,10053.5,318,300,4563,4466,4537,4554,4230,3835,3415,0.7825359185381504,0.14389572,0.86705685,-0.14109658,0.13335872,3,
1_1_1_2_62_0,15292.5,10555.25,325,297,4551,4553,4476,4557,4057,3675,3211,0.7780784844384303,0.17263591,0.8667487,-0.16456355,0.17284904,3,
1_1_1_2_63_0,16022.25,10339.75,321,325,4838,4797,4883,5105,4812,4494,3952,0.767139090309822,0.10079636,0.87456036,-0.10537634,0.096582465,3,
1_1_1_2_64_0,17121.75,10006.75,376,347,5300,5215,5425,5478,5528,5323,5120,0.36676286676286673,0.017274473,0.8654981,-0.02892366,0.009192065,3,
1_1_1_2_65_0,15978.0,9751.5,335,322,4937,4829,5025,5488,5328,5132,4450,0.5924170616113744,0.05188026,0.8702556,-0.060686015,0.040844917,3,
1_1_1_2_66_0,14444.0,9161.25,346,331,4557,4429,4511,4453,4247,3995,3911,0.46882325363338023,0.0762872,0.8550785,-0.07124198,0.062110312,3,
1_1_1_2_67_0,14400.5,8670.75,531,515,4915,4789,5064,5195,5144,5065,4861,0.31394989174141663,0.0055237315,0.80037594,-0.0204534,-0.00746114,3,
1_1_1_2_68_0,12689.5,8008.0,373,360,4252,4029,4229,4590,4223,4138,3778,0.4119473876507124,0.059028644,0.8305316,-0.056325715,0.032150634,3,
1_1_1_2_69_0,13952.5,8725.0,372,368,4400,4360,4397,4571,4440,4277,3950,0.41901012373453317,0.053892214,0.8427726,-0.053552173,0.049338147,3,
1_1_1_2_70_0,11078.25,6897.25,455,429,3758,3746,3888,4215,4047,4037,3624,0.5357142857142857,0.018152263,0.7833849,-0.03514377,0.016553596,3,
1_1_1_2_71_0,13974.5,8468.5,431,428,4633,4496,4678,4921,5064,4965,4434,0.27177545110269546,0.021947723,0.82504565,-0.026777875,0.006942889,3,
1_1_1_2_72_0,16399.5,10791.75,391,389,5034,5012,5099,5285,5028,4587,4059,0.8384392131570462,0.107225336,0.8552656,-0.11356191,0.10506008,3,
1_1_1_2_73_0,13068.5,8427.5,339,314,4039,4035,4119,4198,4227,3949,3408,0.8193132058077899,0.08473211,0.8449931,-0.09445994,0.08424023,3,
1_1_1_2_74_0,14564.75,9060.0,359,366,4547,4507,4662,5035,4840,4620,4083,0.707305155142927,0.053765934,0.85244554,-0.066209264,0.04935972,3,
1_1_1_2_75_0,16155.0,10105.0,225,220,4706,4659,4739,4671,4487,4193,3904,0.706190798376184,0.0931475,0.9078624,-0.09660997,0.08817004,3,
1_1_1_2_76_0,14963.75,9272.5,351,340,4774,4591,4768,4706,4606,4446,4245,0.4430701457133175,0.058653954,0.85795224,-0.058027294,0.03915799,3,
1_1_1_2_77_0,18466.0,10927.0,336,340,5511,5510,5738,5908,5806,5491,5180,0.8093994778067886,0.030960621,0.8850496,-0.051108263,0.030869972,3,
1_1_1_2_78_0,16146.0,9570.75,390,397,5162,5009,5232,5234,5232,5109,4953,0.29442802870409457,0.020662382,0.8555288,-0.027393226,0.005621361,3,
1_1_1_2_79_0,17736.0,10697.5,346,318,5365,5304,5452,5450,5301,5088,4886,0.5362895584612469,0.046727147,0.8775221,-0.054749466,0.04102061,3,
1_1_2_0_0,32761.5,19580.25,260,265,9322,9138,9348,9283,9091,8464,8087,0.5493117267816693,0.070940316,0.94466907,-0.07232578,0.061015964,4,
1_1_2_1_0,31514.0,18896.25,353,377,9222,8999,9228,9137,9056,8465,8133,0.48340102419212433,0.062748484,0.92450815,-0.063072406,0.05054868,4,
1_1_2_2_0,35638.5,21056.25,396,387,10316,10153,10440,10437,10201,9524,9301,0.5245946941783346,0.051740836,0.9249218,-0.057697177,0.04379562,4,
1_1_2_3_0,37113.5,22850.25,299,283,10594,10314,10352,10038,9748,8893,8673,0.48419656246395204,0.099704154,0.943654,-0.0882523,0.086427554,4,
1_1_2_4_0,31126.25,18611.5,512,550,9347,9207,9502,9599,9386,8916,8565,0.5177367664935352,0.043657884,0.8946394,-0.05186251,0.03612424,4,
1_1_2_5_0,34479.0,21135.5,299,322,9927,9657,9684,9618,9373,8671,8270,0.4376354069947385,0.09105896,0.93993574,-0.078756824,0.07736933,4,
1_1_2_6_0,30249.25,18165.25,457,501,9037,8874,9080,9065,9000,8549,8164,0.4461763273258646,0.050752863,0.9020469,-0.053119924,0.04167156,4,
1_1_2_7_0,29444.75,17731.5,472,492,8810,8668,8850,8919,8702,8317,7945,0.44989063432093856,0.05162638,0.8967177,-0.053885084,0.043520134,4,
1_1_2_8_0,30929.0,18765.25,307,355,9027,8768,8878,8859,8609,8093,7755,0.4203788275810436,0.075795494,0.9323416,-0.06751639,0.06130848,4,
1_1_2_9_0,28679.5,17353.0,277,304,8275,8101,8224,8154,7985,7536,7122,0.4923599320882852,0.07488472,0.9338744,-0.071810246,0.06431058,4,
1_1_2_10_0,34235.0,20499.75,270,253,9734,9527,9676,9651,9433,8731,8389,0.4905473395334654,0.074215084,0.9448811,-0.071242735,0.06351864,4,
1_1_2_11_0,24097.25,14055.25,507,541,7556,7362,7685,7806,7720,7561,7340,0.2679403541472507,0.014500537,0.87113994,-0.02296173,0.0014963951,4,
1_1_2_12_0,25523.5,14819.25,561,593,8001,7841,8236,8373,8283,8072,7863,0.34188817598533455,0.008698941,0.8664604,-0.023169141,-0.001400917,4,
1_1_2_13_0,25850.5,15057.5,559,586,8070,7917,8314,8440,8352,8109,7880,0.3931159420289855,0.011912226,0.86809814,-0.02680005,0.002342217,4,
1_1_2_14_0,25164.5,14650.0,508,542,7836,7647,7999,8121,8007,7839,7604,0.3114159571113213,0.015025907,0.87541384,-0.025315644,0.0028194874,4,
1_1_2_15_0,24874.25,14543.5,538,566,7804,7619,7978,8120,8024,7869,7573,0.3278821243523316,0.015022436,0.8680888,-0.02604334,0.0030279094,4,
1_1_2_16_0,24421.5,14247.0,509,556,7642,7461,7788,7920,7849,7667,7430,0.2835868187579214,0.014065817,0.872271,-0.023524772,0.0020817944,4,
1_1_2_17_0,24054.5,14065.75,534,559,7525,7390,7704,7834,7755,7580,7329,0.3251257152765736,0.013195099,0.8652196,-0.024945121,0.0041443035,4,
1_1_2_18_0,23501.0,13786.0,529,562,7405,7240,7576,7681,7614,7412,7190,0.33385227469295964,0.014731072,0.86381775,-0.026141135,0.0034650036,4,
1_1_2_19_0,24605.5,14401.25,537,575,7753,7554,7909,7980,7934,7729,7525,0.303078137332281,0.014923419,0.8672599,-0.024880135,0.0019232044,4,
1_1_2_20_0,23230.5,13700.0,486,528,7323,7094,7423,7510,7394,7239,6998,0.3138384285925269,0.022693945,0.8717678,-0.029470911,0.006812376,4,
1_1_2_21_0,22617.5,13308.25,489,523,7140,6932,7209,7349,7255,7087,6865,0.2507288629737609,0.019635845,0.8682118,-0.024442233,0.0048561282,4,
1_1_2_22_0,24533.0,14331.25,501,535,7643,7464,7786,7913,7788,7638,7391,0.3072017421060818,0.016762007,0.8741996,-0.026026225,0.00491417,4,
1_1_2_23_0,25076.75,14543.25,525,559,7812,7657,8014,8182,8096,7866,7656,0.3141453141453141,0.010085338,0.87166953,-0.022846203,6.530399E-5,4,
1_1_2_24_0,23367.75,13620.5,436,478,7261,7043,7366,7478,7375,7279,6983,0.2921434019832189,0.01951699,0.8834069,-0.026691755,0.00427777,4,
1_1_2_25_0,25387.75,14743.75,524,567,7931,7745,8132,8296,8206,8027,7748,0.3263640999490056,0.011671662,0.8732616,-0.02418136,-1.9363583E-4,4,
1_1_2_26_0,24305.0,14200.0,505,530,7667,7408,7765,7947,7829,7640,7398,0.26113561975238364,0.017855957,0.87236196,-0.024203654,6.754019E-4,4,
1_1_2_27_0,24049.25,13955.25,511,549,7524,7362,7663,7872,7711,7565,7380,0.2303809833930316,0.009661836,0.87018925,-0.018812736,-0.0012210013,4,
1_1_2_28_0,24436.25,14268.25,500,531,7603,7434,7814,7881,7825,7639,7358,0.4101457096600108,0.01637591,0.8739602,-0.030055365,0.0051379125,4,
1_1_2_29_0,24515.5,14320.0,510,552,7645,7482,7818,7922,7862,7702,7418,0.3321707357581797,0.015070039,0.8723724,-0.026253609,0.004295302,4,
1_1_2_30_0,24414.25,14306.75,499,545,7676,7439,7773,7888,7879,7686,7388,0.2716624329664126,0.019118428,0.8742756,-0.025394103,0.003439671,4,
1_1_2_31_0,23944.5,13977.75,488,529,7491,7291,7607,7776,7688,7500,7251,0.2706401094724038,0.016280016,0.874534,-0.023960156,0.0027506533,4,
1_1_2_32_0,23353.5,13628.5,514,552,7364,7181,7541,7711,7687,7490,7186,0.31730425455845546,0.012233677,0.86640674,-0.024105385,-3.4801976E-4,4,
1_1_2_33_0,24435.75,14294.25,499,541,7664,7442,7804,7889,7796,7599,7394,0.31432076050291324,0.017930668,0.8743231,-0.026977234,0.0032353734,4,
1_1_2_34_0,23801.0,13914.25,534,559,7497,7325,7684,7857,7771,7655,7303,0.33782585564816453,0.013108108,0.86410487,-0.025422033,0.001503965,4,
1_1_2_35_0,24653.0,14373.25,535,571,7765,7564,7930,8095,7990,7811,7571,0.2908766812510128,0.012649974,0.86788493,-0.023159796,-4.6250413E-4,4,
1_1_2_36_0,24560.5,14336.5,562,596,7764,7587,8004,8115,8025,7955,7602,0.3860929696504034,0.010542757,0.86206895,-0.025759323,-9.875568E-4,4,
1_1_2_37_0,24693.5,14405.25,511,553,7720,7533,7912,8010,7917,7798,7495,0.3555593451568895,0.014788038,0.87294877,-0.02706562,0.0025286132,4,
1_1_2_38_0,24188.0,14096.5,534,570,7651,7440,7840,7952,7936,7745,7474,0.3190932868352223,0.01170248,0.8660647,-0.0238997,-0.0022797373,4,
1_1_2_39_0,22963.5,13433.0,554,598,7345,7157,7518,7599,7596,7417,7216,0.2733031674208145,0.008859281,0.8563092,-0.02049681,-0.004104919,4,
1_1_2_40_0,24823.0,14487.75,546,585,7825,7631,7977,7940,7962,7803,7633,0.2694657684474385,0.012420753,0.86645466,-0.022037156,-1.3102725E-4,4,
1_1_2_41_0,24756.0,14458.75,559,603,7871,7643,8079,8232,8166,7950,7687,0.3414039365964118,0.011826713,0.8636918,-0.02486363,-0.0028701893,4,
1_1_2_42_0,24786.75,14448.0,576,622,7823,7682,8056,8201,8142,7951,7707,0.33193836789043185,0.0074694143,0.8604989,-0.022140456,-0.001624537,4,
1_1_2_43_0,24690.0,14344.75,561,611,7806,7635,8070,8156,8057,7901,7703,0.37897562990499795,0.006641305,0.8631039,-0.02326761,-0.0044334335,4,
1_1_2_44_0,24579.0,14302.25,566,617,7768,7614,8019,8177,8086,7913,7665,0.3568548387096774,0.0066740103,0.8616137,-0.022570772,-0.0033379148,4,
1_1_2_45_0,24439.0,14175.25,558,607,7727,7563,7959,8093,8014,7897,7647,0.3058223877671045,0.0052035903,0.8625785,-0.01999231,-0.0055226823,4,
1_1_2_46_0,24296.5,14060.0,551,610,7651,7520,7922,8057,8011,7883,7608,0.3502119116662949,0.0028180091,0.8634618,-0.020218931,-0.005817028,4,
1_1_2_47_0,24718.0,14276.5,533,576,7672,7584,7949,8067,8033,7894,7608,0.38109074653553865,0.0041884817,0.8686707,-0.021919394,-0.0015797789,4,
1_1_2_48_0,23952.75,13861.5,546,586,7545,7405,7795,7953,7863,7763,7487,0.33054303498604853,0.0038584354,0.8626588,-0.02015443,-0.005506312,4,
1_1_2_49_0,22474.25,12981.25,422,479,6971,6796,7138,7199,7154,7025,6818,0.30354771390627966,0.011095801,0.8830701,-0.022929206,-0.0016159836,4,
1_1_2_50_0,22506.5,13043.0,453,514,7035,6864,7212,7329,7244,7133,6896,0.30460767302872566,0.009977748,0.87617874,-0.02239864,-0.0023255814,4,
1_1_2_51_0,24511.25,14200.0,543,588,7685,7550,7973,8069,8026,7863,7599,0.4250966128665606,0.005626799,0.86581,-0.024017468,-0.0032345369,4,
1_1_2_52_0,24058.75,14005.0,558,606,7597,7458,7838,7965,7957,7715,7499,0.34598897734231476,0.006491786,0.86077845,-0.02210341,-0.0027411913,4,
1_1_2_53_0,23950.25,13817.25,542,595,7524,7408,7804,7932,7881,7744,7510,0.350835322195704,9.312226E-4,0.8636478,-0.01919812,-0.006837378,4,
1_1_2_54_0,24041.75,13985.25,491,547,7501,7335,7656,7817,7715,7598,7320,0.279953341109815,0.012212401,0.87452084,-0.022435898,0.0010235414,4,
1_1_2_55_0,24825.0,14390.5,552,604,7831,7657,8066,8180,8147,7949,7736,0.3173687247547605,0.006102653,0.86551344,-0.020883432,-0.005132203,4,
1_1_2_56_0,25131.5,14572.75,529,591,7892,7703,8101,8272,8176,7994,7757,0.3043170559094126,0.00862675,0.8714772,-0.021692522,-0.0034928848,4,
1_1_2_57_0,24997.5,14510.25,545,607,7863,7696,8089,8210,8133,8001,7749,0.31616142830574673,0.007302075,0.8677345,-0.021467358,-0.0034315311,4,
1_1_2_58_0,25047.25,14538.0,535,596,7867,7690,8059,8186,8164,7937,7735,0.27811158798283264,0.008460454,0.8699088,-0.02051412,-0.002917342,4,
1_1_2_59_0,25069.75,14592.25,546,611,7897,7718,8091,8228,8197,7964,7752,0.28939730237322864,0.009265767,0.8678606,-0.021397462,-0.0021978023,4,
1_1_2_60_0,25242.0,14649.5,558,624,7966,7789,8228,8348,8287,8126,7864,0.3622611464968153,0.006443462,0.8662993,-0.022619935,-0.004791414,4,
1_1_2_61_0,25199.25,14627.5,549,606,7943,7754,8170,8315,8287,8138,7817,0.32272810385810935,0.007994924,0.86775863,-0.02208044,-0.004045983,4,
1_1_2_62_0,25518.75,14934.5,632,704,8162,8000,8452,8594,8511,8373,8069,0.3935470612412659,0.0057297763,0.85356814,-0.023182616,-0.0042939824,4,
1_1_2_63_0,25059.25,14551.75,578,643,7948,7777,8193,8310,8215,8140,7874,0.30946837407838573,0.004677032,0.86163974,-0.01985436,-0.0061976872,4,
1_1_2_64_0,25377.5,14718.25,596,665,8044,7898,8371,8478,8441,8259,8007,0.43416030534351147,0.0023051524,0.85966563,-0.022224937,-0.0068531907,4,
1_1_2_65_0,24097.0,14027.75,550,609,7629,7463,7806,7985,7987,7777,7521,0.24916943521594684,0.0071287127,0.86272305,-0.018594638,-0.0038707955,4,
1_1_2_66_0,23512.75,13703.25,568,607,7492,7326,7721,7853,7835,7663,7400,0.3258221680876979,0.0061778137,0.8560932,-0.021228755,-0.0050251256,4,
1_1_2_67_0,23707.0,13828.75,541,559,7517,7311,7673,7774,7702,7570,7343,0.2754131196795193,0.011709287,0.86220074,-0.021976558,-0.0021837042,4,
1_1_2_68_0,23034.0,13479.75,525,575,7350,7127,7518,7610,7588,7422,7171,0.30492091388400705,0.012326974,0.862781,-0.02362312,-0.0030773536,4,
1_1_2_69_0,24023.25,13987.75,510,569,7539,7368,7710,7851,7787,7598,7376,0.28738599208397864,0.010928595,0.87052554,-0.022139732,-5.425936E-4,4,
1_1_2_70_0,23656.0,13820.75,533,571,7499,7297,7671,7793,7747,7531,7319,0.3038149490764716,0.012147388,0.863857,-0.02348232,-0.0015051998,4,
1_1_2_71_0,24355.75,14133.75,564,617,7694,7554,7928,8101,8010,7916,7630,0.29728651237031123,0.004176455,0.86104953,-0.019154133,-0.005005269,4,
1_1_2_72_0,24116.75,13951.5,556,606,7606,7475,7863,8035,7981,7812,7571,0.318082788671024,0.0023061212,0.86153656,-0.018919269,-0.006380433,4,
1_1_2_73_0,24191.5,13972.0,534,588,7557,7456,7837,7939,7950,7745,7518,0.3732740463374678,0.0025870646,0.8663329,-0.020774992,-0.00414051,4,
1_1_2_74_0,24386.0,14205.75,575,619,7756,7575,7973,8104,8081,7891,7647,0.30365126676602083,0.0070765438,0.8588957,-0.020870678,-0.004729996,4,
1_1_2_75_0,24603.25,14352.25,572,613,7796,7623,7992,8158,8099,7921,7660,0.29051452572628633,0.008799172,0.8604027,-0.021211347,-0.0024209907,4,
1_1_2_76_0,24608.5,14336.5,547,604,7748,7590,7967,8111,8054,7881,7610,0.3309232480533927,0.008985545,0.8655524,-0.022918405,-0.0013157895,4,
1_1_2_77_0,23755.0,13763.25,574,617,7564,7408,7824,7988,7912,7780,7537,0.31917259786476865,0.0017879611,0.8561764,-0.01868368,-0.008631649,4,
1_1_2_78_0,20454.75,12068.0,485,530,6533,6359,6624,6732,6672,6519,6335,0.24764353041988002,0.015387006,0.85827,-0.022301104,0.001890657,4,
1_1_2_79_0,20628.75,11787.25,415,427,6350,6261,6630,6727,6665,6459,6324,0.5032894736842105,0.0020514438,0.87567407,-0.023622047,-0.0050059594,4,
1_2_0_0,-3442.25,1514.5,2671,2336,3467,3691,4140,4085,4298,4356,4393,0.19572953736654802,-0.1178117,0.16032694,0.029649595,-0.0868382,5,
1_2_1_0,-19760.75,-5099.75,4343,3687,1779,2137,2698,2866,3060,3205,3190,0.20376045721858693,-0.28396055,-0.3404321,0.08355978,-0.19767223,5,
1_2_2_0,-26105.0,-7252.75,5866,4747,2324,2887,3727,3979,4249,4455,4539,0.2143158783783784,-0.32274514,-0.34034047,0.09823373,-0.22246163,5,
1_2_3_0,-25041.25,-6981.0,5373,4452,1930,2414,3102,3372,3603,3784,3849,0.23381745336171278,-0.33206436,-0.3799923,0.10746655,-0.22912343,5,
1_2_4_0,-27814.75,-7712.5,5903,4968,2066,2625,3378,3714,3924,4175,4163,0.2195927044869643,-0.33665115,-0.38438088,0.1040976,-0.22657631,5,
1_2_5_0,-27374.5,-7495.0,5763,4898,1973,2534,3361,3617,3851,4024,3956,0.15950887351884618,-0.33445776,-0.38917682,0.08131748,-0.21910632,5,
1_2_6_0,-11849.75,-2226.75,3076,2797,1919,2219,2587,2744,2759,2919,2920,0.20553018145907914,-0.20686091,-0.16185081,0.060468495,-0.13640787,5,
1_2_7_0,-26782.5,-7320.25,5821,5081,2358,2908,3742,4003,4261,4470,4631,0.23646132567294392,-0.32522535,-0.3337152,0.10617461,-0.2285449,5,
1_2_8_0,-22912.25,-5995.0,4900,4370,1945,2406,3055,3313,3480,3653,3675,0.20893711666779,-0.30782917,-0.34136325,0.09212481,-0.20868278,5,
1_2_9_0,-32287.5,-9329.0,6757,5906,2439,3072,4163,4547,4937,5209,5224,0.22270265731917216,-0.36343467,-0.37491098,0.11302865,-0.25940213,5,
1_2_10_0,-23172.5,-5528.25,5326,4891,2477,3176,3907,4112,4359,4534,4489,0.1555401143834518,-0.28883147,-0.25288168,0.06931873,-0.1712981,5,
1_2_11_0,-24923.25,-6370.25,5596,5191,2458,3235,4046,4352,4555,4850,4816,0.1806155000938262,-0.32416826,-0.26735365,0.08688784,-0.19637312,5,
1_2_12_0,-28128.0,-6779.5,6330,6030,2717,3774,4659,4873,5073,5243,5286,0.12185641543903293,-0.32100463,-0.25296912,0.06304676,-0.16688742,5,
1_2_13_0,-27176.5,-6487.0,6070,5642,2640,3457,4260,4551,4695,4860,4836,0.13588751533452864,-0.29373997,-0.27427313,0.06332454,-0.16628481,5,
1_2_14_0,-18739.25,-4694.75,4010,3373,1555,1807,2208,2365,2480,2624,2606,0.23732856290995824,-0.2525835,-0.37871754,0.08267553,-0.18105598,5,
1_2_15_0,-21010.5,-5396.0,4491,3752,1714,2003,2469,2592,2774,2928,2962,0.25040633888663144,-0.2668948,-0.3831229,0.09077518,-0.19315207,5,
1_2_16_0,13085.25,7494.75,656,581,4671,4646,5047,5216,5192,5223,5108,0.42538354253835425,-0.044687595,0.7525462,0.0060068932,-0.047365185,5,
1_2_17_0,-12633.5,-1972.0,3555,3046,2351,2698,3019,3168,3244,3372,3316,0.19547189680136898,-0.1702841,-0.13705422,0.0468824,-0.102760226,5,
1_2_18_0,9149.75,6673.75,1324,1221,4613,4766,5118,4808,4537,4674,5042,-0.164716081491114,-0.044432938,0.5651888,-0.007480315,-0.028140293,5,
1_2_19_0,9591.0,5726.25,1035,863,4222,4342,4824,5035,5115,5118,5055,0.24732334047109206,-0.08979196,0.61502695,0.023382934,-0.07587528,5,
1_2_20_0,-24094.75,-6229.25,5298,4657,2153,2730,3422,3782,3925,4109,4064,0.1899520681697142,-0.30738297,-0.31988043,0.08576009,-0.19634973,5,
1_2_21_0,-26335.75,-7089.0,5722,4860,2180,2743,3501,3780,3998,4205,4219,0.20223073456511945,-0.31864354,-0.35191968,0.09300518,-0.21200804,5,
1_2_22_0,-18540.5,-3904.0,4802,3978,2742,3167,3774,4024,4092,4236,4244,0.1858001265022138,-0.21500143,-0.20517004,0.05861811,-0.14532451,5,
1_2_23_0,-23370.0,-6186.25,5169,4341,2101,2554,3190,3498,3650,3848,3889,0.2402887590237195,-0.2984975,-0.338599,0.09874276,-0.20720161,5,
1_2_24_0,-18996.75,-4487.75,4172,3685,1816,2143,2604,2839,2963,3028,2988,0.19226917684758663,-0.24396336,-0.3212985,0.06866953,-0.16468525,5,
1_2_25_0,-3008.5,1153.75,2147,1923,2751,2935,3256,3509,3425,3448,3489,0.24336745351994984,-0.11826923,0.15505706,0.034544107,-0.08623911,5,
1_2_26_0,-18175.75,-4664.5,3942,3502,1680,1995,2436,2610,2824,3004,3029,0.2937970669837495,-0.2864727,-0.3279434,0.10850869,-0.2058121,5,
1_2_27_0,-16506.0,-3792.5,3637,3242,1729,1907,2307,2414,2549,2676,2682,0.2635277582572031,-0.21605079,-0.31204906,0.07516536,-0.16888212,5,
1_2_28_0,-16685.0,-4199.75,3681,3141,1628,1841,2240,2473,2590,2716,2749,0.31972361809045224,-0.2561115,-0.3332126,0.10202445,-0.19782135,5,
1_2_29_0,-18350.0,-4389.0,4199,3570,1897,2264,2756,2980,3128,3217,3170,0.18888584724883656,-0.25123346,-0.29939657,0.06986163,-0.166728,5,
1_2_30_0,-26971.75,-6640.75,5847,5177,2415,2926,3453,3652,3871,4181,4204,0.27567726304970264,-0.2702825,-0.3329534,0.09808019,-0.17924264,5,
1_2_31_0,-26834.75,-6494.75,5876,5265,2516,3059,3633,3952,4104,4274,4352,0.24687542919928582,-0.26732674,-0.315277,0.090043835,-0.17447038,5,
1_2_32_0,-23261.75,-6694.5,4749,4110,1634,1972,2552,2878,3194,3374,3405,0.32995512919696734,-0.3514586,-0.41318256,0.14319289,-0.26650548,5,
1_2_33_0,-23916.0,-7223.5,5006,4218,1707,2168,2841,3167,3609,3804,3858,0.3137920394939833,-0.38652292,-0.3955952,0.1518137,-0.2804514,5,
1_2_34_0,-25783.25,-7617.75,5331,4659,1843,2345,3104,3428,3747,4030,4108,0.28169014084507044,-0.3806083,-0.38900468,0.13921243,-0.27320626,5,
1_2_35_0,-23869.0,-6666.75,4983,4233,1761,2145,2766,3031,3354,3530,3505,0.2679672202480238,-0.33118117,-0.39814815,0.117844045,-0.24070796,5,
1_2_36_0,-23277.75,-6377.25,4903,4287,1812,2256,2980,3183,3376,3543,3602,0.19701000886861775,-0.3306243,-0.3697444,0.094500154,-0.22977126,5,
1_2_37_0,6154.75,4699.0,1211,1092,3704,3764,4096,4187,4227,4175,4217,0.2983234714003945,-0.06476455,0.51316583,0.014555516,-0.056759804,5,
1_2_38_0,2665.0,2755.0,1394,1286,3023,3187,3655,3821,3824,3876,3882,0.18070370960038212,-0.124402605,0.39139926,0.030118084,-0.098316595,5,
1_2_39_0,-17453.5,-4259.5,3810,3238,1507,1832,2243,2402,2495,2566,2548,0.16207886066532046,-0.2567201,-0.3505849,0.06366103,-0.16347031,5,
1_2_40_0,712.75,1306.75,743,685,1539,1505,1664,1794,1770,1880,1806,1.4285714285714284,-0.079820625,0.33896798,0.04092219,-0.09090909,5,
1_2_41_0,-8494.0,-983.5,2631,2360,2227,2316,2729,2702,2798,2962,2976,0.23315084009816878,-0.14395541,-0.06367496,0.043295354,-0.12471655,5,
1_2_42_0,-7997.25,-1283.75,2348,2011,1826,1890,2211,2297,2472,2526,2540,0.38944128787878785,-0.16353641,-0.108069845,0.06924858,-0.14672686,5,
1_2_43_0,9038.5,5746.75,1082,957,4177,4305,4779,4936,4983,4829,4887,0.1208324009845603,-0.078331865,0.5982922,0.011173184,-0.06331593,5,
1_2_44_0,-8878.5,-1052.25,3234,2887,2802,3268,3820,3991,4071,4274,4301,0.1937328822297406,-0.21103759,0.00522916,0.059229158,-0.13647774,5,
1_2_45_0,-27496.5,-7620.0,5602,4956,1906,2378,3186,3430,3659,3858,3886,0.20096463022508038,-0.34185082,-0.40401003,0.0989819,-0.24074075,5,
1_2_46_0,-26763.0,-7307.25,5508,4831,1921,2376,3156,3432,3650,3763,3799,0.19301194692921894,-0.32832167,-0.39726028,0.092451476,-0.23044534,5,
1_2_47_0,-5227.75,797.5,2634,2310,3065,3149,3587,3691,3765,3754,3741,0.16911926202503844,-0.09932412,0.08905412,0.021015285,-0.08592162,5,
1_2_48_0,-24562.5,-6885.25,5265,4427,1968,2413,3182,3474,3748,3871,3921,0.22383086988126968,-0.33163527,-0.3714509,0.10404055,-0.2380802,5,
1_2_49_0,-19263.5,-4899.75,4180,3515,1674,1961,2445,2634,2780,2863,2885,0.21995600879824034,-0.26562843,-0.3613418,0.08255159,-0.19067273,5,
1_2_50_0,-23896.0,-6405.25,5189,4543,2187,2595,3271,3509,3825,4044,4107,0.28507126781695424,-0.30505243,-0.3332477,0.11330984,-0.2256043,5,
1_2_51_0,-23996.5,-6513.75,5489,4297,2036,2693,3391,3563,3756,3974,3983,0.16335540838852097,-0.32347566,-0.34172574,0.08028207,-0.19322948,5,
1_2_52_0,-20173.0,-5147.0,4311,3826,1699,2092,2691,2844,3035,3100,3102,0.15791900407285023,-0.29223078,-0.3465563,0.07094769,-0.19445515,5,
1_2_53_0,-27785.75,-7816.25,5819,5001,2067,2575,3473,3866,4054,4203,4228,0.1973443462805165,-0.34328833,-0.38646653,0.09803922,-0.24298103,5,
1_2_54_0,-22544.75,-5700.5,4773,4202,1881,2232,2781,2994,3184,3343,3301,0.2210696369356347,-0.27402547,-0.3627409,0.08549819,-0.1932044,5,
1_2_55_0,-11727.75,-2488.5,3140,2740,1938,2290,2733,2996,3062,3255,3171,0.21747765640516387,-0.24133882,-0.15653776,0.07418699,-0.16132577,5,
1_2_56_0,-5698.75,118.25,2524,2219,2608,2844,3174,3434,3533,3605,3506,0.2774991641591441,-0.14687602,0.05961252,0.0497006,-0.104251966,5,
1_2_57_0,-20447.5,-5357.0,4436,3888,1853,2210,2870,3164,3317,3410,3406,0.199123263243926,-0.2953033,-0.33493832,0.08540472,-0.21296297,5,
1_2_58_0,-7995.75,-594.5,2956,2578,2725,2965,3473,3649,3707,3679,3769,0.17743675818247212,-0.16076379,0.0015200136,0.040872686,-0.119394116,5,
1_2_59_0,7478.75,5728.5,1538,1372,4619,4682,5167,5689,5444,5605,5297,0.19607843137254902,-0.06837434,0.5054662,0.012423547,-0.061629422,5,
1_2_60_0,-21841.75,-5698.0,4605,3926,1781,2039,2470,2628,2816,2994,3125,0.35687043696197013,-0.27395028,-0.38621312,0.11706881,-0.21030208,5,
1_2_61_0,-26860.25,-7451.0,5554,4794,1927,2376,3083,3378,3550,3714,3859,0.24539877300613497,-0.33390942,-0.40075663,0.11178335,-0.23785084,5,
1_2_62_0,2435.75,3440.5,1728,1616,3623,3718,4122,4232,4537,4355,4321,0.264416688812118,-0.087865055,0.3654058,0.02356982,-0.07500933,5,
1_2_63_0,6433.0,4912.5,1330,1194,3976,4046,4432,4442,4625,4482,4590,0.28980190755685986,-0.07167873,0.5052083,0.017512746,-0.062992126,5,
1_2_64_0,-19431.75,-4412.25,4294,4079,2062,2455,2942,3102,3274,3412,3434,0.21878335112059766,-0.2496361,-0.2724848,0.07716437,-0.16624215,5,
1_2_65_0,-27886.5,-8050.5,5857,5084,2104,2662,3470,3752,4207,4375,4502,0.2703552342030808,-0.36300334,-0.37504402,0.1294531,-0.25683975,5,
1_2_66_0,-24764.75,-5988.75,5341,4771,2239,2667,3117,3300,3462,3728,3794,0.2966955911999299,-0.25774905,-0.3339161,0.09795977,-0.1744312,5,
1_2_67_0,-17292.5,-3803.5,4319,3736,2479,2810,3413,3519,3662,3870,3930,0.22221267085016763,-0.22640038,-0.21167064,0.07040719,-0.1661721,5,
1_2_68_0,-23785.75,-5703.25,5267,4803,2461,2884,3376,3643,3877,4030,4182,0.3368720220680432,-0.2590697,-0.29235676,0.10664197,-0.18369657,5,
1_2_69_0,4142.75,3694.0,1392,1204,3439,3511,3848,4100,4114,4175,4089,0.43486106098881266,-0.08634432,0.43218437,0.030364117,-0.07605263,5,
1_2_70_0,6001.25,4521.75,1436,1239,3941,4087,4541,4652,4735,4714,4782,0.24377908152943556,-0.09641179,0.47999275,0.025850048,-0.07836284,5,
1_2_71_0,-17816.75,-4036.25,4325,3833,2283,2745,3298,3530,3669,3792,3824,0.20260380556197521,-0.2523334,-0.2234795,0.07385566,-0.16425635,5,
1_2_72_0,-16420.25,-3450.0,3917,3528,2069,2440,2848,2953,3075,3238,3241,0.20415584415584415,-0.22071563,-0.2323423,0.06454262,-0.1409963,5,
1_2_73_0,-14679.0,-2997.0,3711,3176,2107,2425,2777,2917,3060,3193,3204,0.2626399311108377,-0.20655243,-0.20958279,0.071392745,-0.13839048,5,
1_2_74_0,5273.0,4549.25,1493,1361,3783,4027,4390,4600,4710,4676,4481,0.09287609716268627,-0.08446273,0.45905796,0.010258145,-0.053361543,5,
1_2_75_0,1681.75,2428.75,1490,1277,2949,3018,3402,3574,3581,3693,3674,0.34526529576034526,-0.10946701,0.33895296,0.038439795,-0.0980275,5,
1_2_76_0,-24575.0,-6324.25,5583,4889,2669,3098,3906,4141,4508,4676,4761,0.2612920970600819,-0.28156123,-0.28625736,0.09865005,-0.21160454,5,
1_2_77_0,-34121.5,-9628.75,7172,6313,2610,3324,4475,4812,5062,5190,5475,0.1960630538781272,-0.35435992,-0.36661586,0.10050251,-0.2444596,5,
1_2_78_0,-21149.25,-5333.25,4636,4191,2017,2459,3048,3249,3444,3622,3664,0.22562449637389204,-0.28991374,-0.3068358,0.091775924,-0.19679895,5,
1_2_79_0,-26694.5,-6832.0,5842,5372,2449,3156,4021,4377,4594,4709,4710,0.16452552652944266,-0.31582624,-0.2985108,0.07891421,-0.19755912,5,
